course_id,short_name,long_name,term_id,status,account_id
07DAN_PLANNING_16_17,07DAN,Dance07DAN,PLANNING_16_17,active,PLANNINGACC_16_17
07DANC_PLANNING_16_17,07DANC,DanceC,PLANNING_16_17,active,PLANNINGACC_16_17
07DRA_PLANNING_16_17,07DRA,Drama07DRA,PLANNING_16_17,active,PLANNINGACC_16_17
07DRAC_PLANNING_16_17,07DRAC,DramaC,PLANNING_16_17,active,PLANNINGACC_16_17
07DT_PLANNING_16_17,07DT,Design and Technology07DT,PLANNING_16_17,active,PLANNINGACC_16_17
07DTB_PLANNING_16_17,07DTB,Design and TechnologyB,PLANNING_16_17,active,PLANNINGACC_16_17
07DTC_PLANNING_16_17,07DTC,Design and TechnologyC,PLANNING_16_17,active,PLANNINGACC_16_17
07ENGA_PLANNING_16_17,07ENGA,EnglishA,PLANNING_16_17,active,PLANNINGACC_16_17
07ENGB_PLANNING_16_17,07ENGB,EnglishB,PLANNING_16_17,active,PLANNINGACC_16_17
07ENGC_PLANNING_16_17,07ENGC,EnglishC,PLANNING_16_17,active,PLANNINGACC_16_17
07ENGD_PLANNING_16_17,07ENGD,EnglishD,PLANNING_16_17,active,PLANNINGACC_16_17
07FTEC_PLANNING_16_17,07FTEC,Food Technology07FTEC,PLANNING_16_17,active,PLANNINGACC_16_17
07FTECB_PLANNING_16_17,07FTECB,Food TechnologyB,PLANNING_16_17,active,PLANNINGACC_16_17
07FTECC_PLANNING_16_17,07FTECC,Food TechnologyC,PLANNING_16_17,active,PLANNINGACC_16_17
07HPEA_PLANNING_16_17,07HPEA,Health & Physical EducationA,PLANNING_16_17,active,PLANNINGACC_16_17
07HPEB_PLANNING_16_17,07HPEB,Health & Physical EducationB,PLANNING_16_17,active,PLANNINGACC_16_17
07HUMA_PLANNING_16_17,07HUMA,HumanitiesA,PLANNING_16_17,active,PLANNINGACC_16_17
07HUMB_PLANNING_16_17,07HUMB,HumanitiesB,PLANNING_16_17,active,PLANNINGACC_16_17
07HUMC_PLANNING_16_17,07HUMC,HumanitiesC,PLANNING_16_17,active,PLANNINGACC_16_17
07HUMD_PLANNING_16_17,07HUMD,HumanitiesD,PLANNING_16_17,active,PLANNINGACC_16_17
07ICT_PLANNING_16_17,07ICT,Information Communication & Technology07ICT,PLANNING_16_17,active,PLANNINGACC_16_17
07ICTD_PLANNING_16_17,07ICTD,Information Communication & TechnologyD,PLANNING_16_17,active,PLANNINGACC_16_17
07ITL_PLANNING_16_17,07ITL,Italian07ITL,PLANNING_16_17,active,PLANNINGACC_16_17
07ITLD_PLANNING_16_17,07ITLD,ItalianD,PLANNING_16_17,active,PLANNINGACC_16_17
07JAP_PLANNING_16_17,07JAP,Japanese07JAP,PLANNING_16_17,active,PLANNINGACC_16_17
07JAPB_PLANNING_16_17,07JAPB,JapaneseB,PLANNING_16_17,active,PLANNINGACC_16_17
07JAPD_PLANNING_16_17,07JAPD,JapaneseD,PLANNING_16_17,active,PLANNINGACC_16_17
07LITA_PLANNING_16_17,07LITA,07LITA,PLANNING_16_17,active,PLANNINGACC_16_17
07LSA_PLANNING_16_17,07LSA,07LSA,PLANNING_16_17,active,PLANNINGACC_16_17
07LSB_PLANNING_16_17,07LSB,07LSB,PLANNING_16_17,active,PLANNINGACC_16_17
07MATA_PLANNING_16_17,07MATA,MathematicsA,PLANNING_16_17,active,PLANNINGACC_16_17
07MATB_PLANNING_16_17,07MATB,MathematicsB,PLANNING_16_17,active,PLANNINGACC_16_17
07MATC_PLANNING_16_17,07MATC,MathematicsC,PLANNING_16_17,active,PLANNINGACC_16_17
07MATD_PLANNING_16_17,07MATD,MathematicsD,PLANNING_16_17,active,PLANNINGACC_16_17
07MATE_PLANNING_16_17,07MATE,MathematicsE,PLANNING_16_17,active,PLANNINGACC_16_17
07MUS_PLANNING_16_17,07MUS,Music07MUS,PLANNING_16_17,active,PLANNINGACC_16_17
07MUSA_PLANNING_16_17,07MUSA,MusicA,PLANNING_16_17,active,PLANNINGACC_16_17
07REA_PLANNING_16_17,07REA,ReligionA,PLANNING_16_17,active,PLANNINGACC_16_17
07REB_PLANNING_16_17,07REB,ReligionB,PLANNING_16_17,active,PLANNINGACC_16_17
07REC_PLANNING_16_17,07REC,ReligionC,PLANNING_16_17,active,PLANNINGACC_16_17
07RED_PLANNING_16_17,07RED,ReligionD,PLANNING_16_17,active,PLANNINGACC_16_17
07VAR_PLANNING_16_17,07VAR,Visual Art07VAR,PLANNING_16_17,active,PLANNINGACC_16_17
07VARA_PLANNING_16_17,07VARA,Visual ArtA,PLANNING_16_17,active,PLANNINGACC_16_17
08DANA_PLANNING_16_17,08DANA,DanceA,PLANNING_16_17,active,PLANNINGACC_16_17
08DANC_PLANNING_16_17,08DANC,DanceC,PLANNING_16_17,active,PLANNINGACC_16_17
08DRAA_PLANNING_16_17,08DRAA,DramaA,PLANNING_16_17,active,PLANNINGACC_16_17
08DRAC_PLANNING_16_17,08DRAC,DramaC,PLANNING_16_17,active,PLANNINGACC_16_17
08DT_PLANNING_16_17,08DT,Design Technology08DT,PLANNING_16_17,active,PLANNINGACC_16_17
08DTF_PLANNING_16_17,08DTF,Fibre Technology08DTF,PLANNING_16_17,active,PLANNINGACC_16_17
08DTFB_PLANNING_16_17,08DTFB,Fibre TechnologyB,PLANNING_16_17,active,PLANNINGACC_16_17
08DTFC_PLANNING_16_17,08DTFC,Fibre TechnologyC,PLANNING_16_17,active,PLANNINGACC_16_17
08ENGA_PLANNING_16_17,08ENGA,EnglishA,PLANNING_16_17,active,PLANNINGACC_16_17
08ENGB_PLANNING_16_17,08ENGB,EnglishB,PLANNING_16_17,active,PLANNINGACC_16_17
08ENGC_PLANNING_16_17,08ENGC,EnglishC,PLANNING_16_17,active,PLANNINGACC_16_17
08ENGD_PLANNING_16_17,08ENGD,EnglishD,PLANNING_16_17,active,PLANNINGACC_16_17
08ENGE_PLANNING_16_17,08ENGE,EnglishE,PLANNING_16_17,active,PLANNINGACC_16_17
08ICT_PLANNING_16_17,08ICT,Information Communication & Technology08ICT,PLANNING_16_17,active,PLANNINGACC_16_17
08ICTA_PLANNING_16_17,08ICTA,Information Communication & TechnologyA,PLANNING_16_17,active,PLANNINGACC_16_17
08ICTD_PLANNING_16_17,08ICTD,Information Communication & TechnologyD,PLANNING_16_17,active,PLANNINGACC_16_17
08IDT_PLANNING_16_17,08IDT,Industrial Design & Technology08IDT,PLANNING_16_17,active,PLANNINGACC_16_17
08ITD_PLANNING_16_17,08ITD,Industrial Design & Technology08ITD,PLANNING_16_17,active,PLANNINGACC_16_17
08ITDB_PLANNING_16_17,08ITDB,Industrial Design & TechnologyB,PLANNING_16_17,active,PLANNINGACC_16_17
08ITDC_PLANNING_16_17,08ITDC,Industrial Design & TechnologyC,PLANNING_16_17,active,PLANNINGACC_16_17
08ITLB_PLANNING_16_17,08ITLB,ItalianB,PLANNING_16_17,active,PLANNINGACC_16_17
08ITLC_PLANNING_16_17,08ITLC,ItalianC,PLANNING_16_17,active,PLANNINGACC_16_17
08ITLD_PLANNING_16_17,08ITLD,ItalianD,PLANNING_16_17,active,PLANNINGACC_16_17
08JAPB_PLANNING_16_17,08JAPB,JapaneseB,PLANNING_16_17,active,PLANNINGACC_16_17
08JAPD_PLANNING_16_17,08JAPD,JapaneseD,PLANNING_16_17,active,PLANNINGACC_16_17
08MATA_PLANNING_16_17,08MATA,MathematicsA,PLANNING_16_17,active,PLANNINGACC_16_17
08MATB_PLANNING_16_17,08MATB,MathematicsB,PLANNING_16_17,active,PLANNINGACC_16_17
08MATC_PLANNING_16_17,08MATC,MathematicsC,PLANNING_16_17,active,PLANNINGACC_16_17
08MATD_PLANNING_16_17,08MATD,MathematicsD,PLANNING_16_17,active,PLANNINGACC_16_17
08MATE_PLANNING_16_17,08MATE,MathematicsE,PLANNING_16_17,active,PLANNINGACC_16_17
08MUSA_PLANNING_16_17,08MUSA,MusicA,PLANNING_16_17,active,PLANNINGACC_16_17
08MUSC_PLANNING_16_17,08MUSC,MusicC,PLANNING_16_17,active,PLANNINGACC_16_17
08NUMA_PLANNING_16_17,08NUMA,08NUMA,PLANNING_16_17,active,PLANNINGACC_16_17
08REA_PLANNING_16_17,08REA,ReligionA,PLANNING_16_17,active,PLANNINGACC_16_17
08REB_PLANNING_16_17,08REB,ReligionB,PLANNING_16_17,active,PLANNINGACC_16_17
08REC_PLANNING_16_17,08REC,ReligionC,PLANNING_16_17,active,PLANNINGACC_16_17
08RED_PLANNING_16_17,08RED,ReligionD,PLANNING_16_17,active,PLANNINGACC_16_17
08TEX_PLANNING_16_17,08TEX,Textile Technology08TEX,PLANNING_16_17,active,PLANNINGACC_16_17
08VARA_PLANNING_16_17,08VARA,Visual ArtA,PLANNING_16_17,active,PLANNINGACC_16_17
08VARC_PLANNING_16_17,08VARC,Visual ArtC,PLANNING_16_17,active,PLANNINGACC_16_17
09BUSA_PLANNING_16_17,09BUSA,BusinessA,PLANNING_16_17,active,PLANNINGACC_16_17
09BUSB_PLANNING_16_17,09BUSB,BusinessB,PLANNING_16_17,active,PLANNINGACC_16_17
09DRAA_PLANNING_16_17,09DRAA,DramaA,PLANNING_16_17,active,PLANNINGACC_16_17
09ENGA_PLANNING_16_17,09ENGA,EnglishA,PLANNING_16_17,active,PLANNINGACC_16_17
09ENGB_PLANNING_16_17,09ENGB,EnglishB,PLANNING_16_17,active,PLANNINGACC_16_17
09ENGC_PLANNING_16_17,09ENGC,EnglishC,PLANNING_16_17,active,PLANNINGACC_16_17
09ENGD_PLANNING_16_17,09ENGD,EnglishD,PLANNING_16_17,active,PLANNINGACC_16_17
09FTECB_PLANNING_16_17,09FTECB,Food TechnologyB,PLANNING_16_17,active,PLANNINGACC_16_17
09GEOA_PLANNING_16_17,09GEOA,GeographyA,PLANNING_16_17,active,PLANNINGACC_16_17
09HISD_PLANNING_16_17,09HISD,HistoryD,PLANNING_16_17,active,PLANNINGACC_16_17
09ICTB_PLANNING_16_17,09ICTB,Information Communiction TechnologyB,PLANNING_16_17,active,PLANNINGACC_16_17
09ITLA_PLANNING_16_17,09ITLA,ItalianA,PLANNING_16_17,active,PLANNINGACC_16_17
09JAPA_PLANNING_16_17,09JAPA,JapaneseA,PLANNING_16_17,active,PLANNINGACC_16_17
09MATA_PLANNING_16_17,09MATA,09MATA,PLANNING_16_17,active,PLANNINGACC_16_17
09MATB_PLANNING_16_17,09MATB,09MATB,PLANNING_16_17,active,PLANNINGACC_16_17
09MATC_PLANNING_16_17,09MATC,09MATC,PLANNING_16_17,active,PLANNINGACC_16_17
09MATD_PLANNING_16_17,09MATD,09MATD,PLANNING_16_17,active,PLANNINGACC_16_17
09MATE_PLANNING_16_17,09MATE,09MATE,PLANNING_16_17,active,PLANNINGACC_16_17
09NUMA_PLANNING_16_17,09NUMA,09NUMA,PLANNING_16_17,active,PLANNINGACC_16_17
09REA_PLANNING_16_17,09REA,09REA,PLANNING_16_17,active,PLANNINGACC_16_17
09REB_PLANNING_16_17,09REB,09REB,PLANNING_16_17,active,PLANNINGACC_16_17
09REC_PLANNING_16_17,09REC,09REC,PLANNING_16_17,active,PLANNINGACC_16_17
09RED_PLANNING_16_17,09RED,09RED,PLANNING_16_17,active,PLANNINGACC_16_17
09VARB_PLANNING_16_17,09VARB,Visual ArtB,PLANNING_16_17,active,PLANNINGACC_16_17
10BIOA_PLANNING_16_17,10BIOA,BiologyA,PLANNING_16_17,active,PLANNINGACC_16_17
10BIOB_PLANNING_16_17,10BIOB,10BIOB,PLANNING_16_17,active,PLANNINGACC_16_17
10BIOC_PLANNING_16_17,10BIOC,BiologyC,PLANNING_16_17,active,PLANNINGACC_16_17
10BIOD_PLANNING_16_17,10BIOD,BiologyD,PLANNING_16_17,active,PLANNINGACC_16_17
10BUS_PLANNING_16_17,10BUS,Business10BUS,PLANNING_16_17,active,PLANNINGACC_16_17
10BUSB_PLANNING_16_17,10BUSB,BusinessB,PLANNING_16_17,active,PLANNINGACC_16_17
10BUSC_PLANNING_16_17,10BUSC,BusinessC,PLANNING_16_17,active,PLANNINGACC_16_17
10CHEA_PLANNING_16_17,10CHEA,ChemistryA,PLANNING_16_17,active,PLANNINGACC_16_17
10CHEB_PLANNING_16_17,10CHEB,10CHEB,PLANNING_16_17,active,PLANNINGACC_16_17
10CHEC_PLANNING_16_17,10CHEC,ChemistryC,PLANNING_16_17,active,PLANNINGACC_16_17
10CHED_PLANNING_16_17,10CHED,ChemistryD,PLANNING_16_17,active,PLANNINGACC_16_17
10CHIC2_PLANNING_16_17,10CHIC2,10CHIC2,PLANNING_16_17,active,PLANNINGACC_16_17
10DANA_PLANNING_16_17,10DANA,10DANA,PLANNING_16_17,active,PLANNINGACC_16_17
10DRA_PLANNING_16_17,10DRA,Drama10DRA,PLANNING_16_17,active,PLANNINGACC_16_17
10DRAB_PLANNING_16_17,10DRAB,DramaB,PLANNING_16_17,active,PLANNINGACC_16_17
10ENGA_PLANNING_16_17,10ENGA,10ENGA,PLANNING_16_17,active,PLANNINGACC_16_17
10ENGB_PLANNING_16_17,10ENGB,10ENGB,PLANNING_16_17,active,PLANNINGACC_16_17
10ENGC_PLANNING_16_17,10ENGC,10ENGC,PLANNING_16_17,active,PLANNINGACC_16_17
10ENGD_PLANNING_16_17,10ENGD,10ENGD,PLANNING_16_17,active,PLANNINGACC_16_17
10FTEC_PLANNING_16_17,10FTEC,Food Technology10FTEC,PLANNING_16_17,active,PLANNINGACC_16_17
10FTECB_PLANNING_16_17,10FTECB,Food TechnologyB,PLANNING_16_17,active,PLANNINGACC_16_17
10GEOA_PLANNING_16_17,10GEOA,10GEOA,PLANNING_16_17,active,PLANNINGACC_16_17
10HIS_PLANNING_16_17,10HIS,History Core10HIS,PLANNING_16_17,active,PLANNINGACC_16_17
10HISC2_PLANNING_16_17,10HISC2,History Elective10HISC2,PLANNING_16_17,active,PLANNINGACC_16_17
10HISD_PLANNING_16_17,10HISD,History CoreD,PLANNING_16_17,active,PLANNINGACC_16_17
10HISE_PLANNING_16_17,10HISE,History CoreE,PLANNING_16_17,active,PLANNINGACC_16_17
10HPE_PLANNING_16_17,10HPE,Health and Physical Education Core10HPE,PLANNING_16_17,active,PLANNINGACC_16_17
10HPEC2_PLANNING_16_17,10HPEC2,Health & Physical Education Elective10HPEC2,PLANNING_16_17,active,PLANNINGACC_16_17
10ICT_PLANNING_16_17,10ICT,ICT10ICT,PLANNING_16_17,active,PLANNINGACC_16_17
10ICTB_PLANNING_16_17,10ICTB,Information Communication TechnologyB,PLANNING_16_17,active,PLANNINGACC_16_17
10ICTC_PLANNING_16_17,10ICTC,Information Communication TechnologyC,PLANNING_16_17,active,PLANNINGACC_16_17
10ISCIA_PLANNING_16_17,10ISCIA,Investigative ScienceA,PLANNING_16_17,active,PLANNINGACC_16_17
10ISCIB_PLANNING_16_17,10ISCIB,Investigative ScienceB,PLANNING_16_17,active,PLANNINGACC_16_17
10ISCIC_PLANNING_16_17,10ISCIC,Investigative ScienceC,PLANNING_16_17,active,PLANNINGACC_16_17
10ISCID_PLANNING_16_17,10ISCID,Investigative ScienceD,PLANNING_16_17,active,PLANNINGACC_16_17
10ITL_PLANNING_16_17,10ITL,Italian Sem 110ITL,PLANNING_16_17,active,PLANNINGACC_16_17
10ITLC2A_PLANNING_16_17,10ITLC2A,Italian Sem 2A,PLANNING_16_17,active,PLANNINGACC_16_17
10JAP_PLANNING_16_17,10JAP,Japanese Sem 110JAP,PLANNING_16_17,active,PLANNINGACC_16_17
10JAPC2A_PLANNING_16_17,10JAPC2A,10JAPC2A,PLANNING_16_17,active,PLANNINGACC_16_17
10MATA_PLANNING_16_17,10MATA,10MATA,PLANNING_16_17,active,PLANNINGACC_16_17
10MATB_PLANNING_16_17,10MATB,10MATB,PLANNING_16_17,active,PLANNINGACC_16_17
10MATC_PLANNING_16_17,10MATC,10MATC,PLANNING_16_17,active,PLANNINGACC_16_17
10MATD_PLANNING_16_17,10MATD,10MATD,PLANNING_16_17,active,PLANNINGACC_16_17
10MUS_PLANNING_16_17,10MUS,Music Sem 110MUS,PLANNING_16_17,active,PLANNINGACC_16_17
10MUSC2A_PLANNING_16_17,10MUSC2A,Music Sem 2A,PLANNING_16_17,active,PLANNINGACC_16_17
10NUM_PLANNING_16_17,10NUM,Numeracy10NUM,PLANNING_16_17,active,PLANNINGACC_16_17
10NUMA_PLANNING_16_17,10NUMA,NumeracyA,PLANNING_16_17,active,PLANNINGACC_16_17
10PHYA_PLANNING_16_17,10PHYA,PhysicsA,PLANNING_16_17,active,PLANNINGACC_16_17
10PHYB_PLANNING_16_17,10PHYB,10PHYB,PLANNING_16_17,active,PLANNINGACC_16_17
10PHYC_PLANNING_16_17,10PHYC,PhysicsC,PLANNING_16_17,active,PLANNINGACC_16_17
10PHYD_PLANNING_16_17,10PHYD,PhysicsD,PLANNING_16_17,active,PLANNINGACC_16_17
10REA_PLANNING_16_17,10REA,10REA,PLANNING_16_17,active,PLANNINGACC_16_17
10REB_PLANNING_16_17,10REB,10REB,PLANNING_16_17,active,PLANNINGACC_16_17
10REC_PLANNING_16_17,10REC,10REC,PLANNING_16_17,active,PLANNINGACC_16_17
10RED_PLANNING_16_17,10RED,10RED,PLANNING_16_17,active,PLANNINGACC_16_17
10TEX_PLANNING_16_17,10TEX,Fashion Technology10TEX,PLANNING_16_17,active,PLANNINGACC_16_17
10TEXB_PLANNING_16_17,10TEXB,Textile TechnologyB,PLANNING_16_17,active,PLANNINGACC_16_17
10VAR_PLANNING_16_17,10VAR,ART Sem 110VAR,PLANNING_16_17,active,PLANNINGACC_16_17
10VARC2A_PLANNING_16_17,10VARC2A,Visual Art Sem 2A,PLANNING_16_17,active,PLANNINGACC_16_17
11ACC3A_PLANNING_16_17,11ACC3A,11ACC3A,PLANNING_16_17,active,PLANNINGACC_16_17
11ACC5B_PLANNING_16_17,11ACC5B,11ACC5B,PLANNING_16_17,active,PLANNINGACC_16_17
11CRA4A_PLANNING_16_17,11CRA4A,11CRA4A,PLANNING_16_17,active,PLANNINGACC_16_17
11DAN6A_PLANNING_16_17,11DAN6A,11DAN6A,PLANNING_16_17,active,PLANNINGACC_16_17
11DAN7A_PLANNING_16_17,11DAN7A,Dance Yr 117A,PLANNING_16_17,active,PLANNINGACC_16_17
11DRA5A_PLANNING_16_17,11DRA5A,Drama Yr 115A,PLANNING_16_17,active,PLANNINGACC_16_17
11DRA6A_PLANNING_16_17,11DRA6A,11DRA6A,PLANNING_16_17,active,PLANNINGACC_16_17
11ECOM3A_PLANNING_16_17,11ECOM3A,11ECOM3A,PLANNING_16_17,active,PLANNINGACC_16_17
11ECOM5A_PLANNING_16_17,11ECOM5A,English Communication Yr 115A,PLANNING_16_17,active,PLANNINGACC_16_17
11ENG3A_PLANNING_16_17,11ENG3A,11ENG3A,PLANNING_16_17,active,PLANNINGACC_16_17
11ENG4A_PLANNING_16_17,11ENG4A,English Yr 114A,PLANNING_16_17,active,PLANNINGACC_16_17
11ENG4B_PLANNING_16_17,11ENG4B,11ENG4B,PLANNING_16_17,active,PLANNINGACC_16_17
11ENG5B_PLANNING_16_17,11ENG5B,English Yr 115B,PLANNING_16_17,active,PLANNINGACC_16_17
11ENG5C_PLANNING_16_17,11ENG5C,11ENG5C,PLANNING_16_17,active,PLANNINGACC_16_17
11ENG6D_PLANNING_16_17,11ENG6D,11ENG6D,PLANNING_16_17,active,PLANNINGACC_16_17
11ENG7E_PLANNING_16_17,11ENG7E,11ENG7E,PLANNING_16_17,active,PLANNINGACC_16_17
11GEO6A_PLANNING_16_17,11GEO6A,Geography Yr116A,PLANNING_16_17,active,PLANNINGACC_16_17
11GEO7A_PLANNING_16_17,11GEO7A,11GEO7A,PLANNING_16_17,active,PLANNINGACC_16_17
11HEC4A_PLANNING_16_17,11HEC4A,11HEC4A,PLANNING_16_17,active,PLANNINGACC_16_17
11ITL_PLANNING_16_17,11ITL,Italian Yr 1111ITL,PLANNING_16_17,active,PLANNINGACC_16_17
11ITL3A_PLANNING_16_17,11ITL3A,Italian Yr 113A,PLANNING_16_17,active,PLANNINGACC_16_17
11ITL6A_PLANNING_16_17,11ITL6A,11ITL6A,PLANNING_16_17,active,PLANNINGACC_16_17
11ITS3A_PLANNING_16_17,11ITS3A,Info.Technology Systems Yr 113A,PLANNING_16_17,active,PLANNINGACC_16_17
11ITS7A_PLANNING_16_17,11ITS7A,11ITS7A,PLANNING_16_17,active,PLANNINGACC_16_17
11JAP4A_PLANNING_16_17,11JAP4A,11JAP4A,PLANNING_16_17,active,PLANNINGACC_16_17
11JAP6A_PLANNING_16_17,11JAP6A,Japanese Yr 116A,PLANNING_16_17,active,PLANNINGACC_16_17
11LIT3A_PLANNING_16_17,11LIT3A,11LIT3A,PLANNING_16_17,active,PLANNINGACC_16_17
11LSK_PLANNING_16_17,11LSK,11LSK,PLANNING_16_17,active,PLANNINGACC_16_17
11LSK5A_PLANNING_16_17,11LSK5A,11LSK5A,PLANNING_16_17,active,PLANNINGACC_16_17
11MAA2A_PLANNING_16_17,11MAA2A,11MAA2A,PLANNING_16_17,active,PLANNINGACC_16_17
11MAA2B_PLANNING_16_17,11MAA2B,11MAA2B,PLANNING_16_17,active,PLANNINGACC_16_17
11MAB2A_PLANNING_16_17,11MAB2A,11MAB2A,PLANNING_16_17,active,PLANNINGACC_16_17
11MAB2B_PLANNING_16_17,11MAB2B,11MAB2B,PLANNING_16_17,active,PLANNINGACC_16_17
11MAB2C_PLANNING_16_17,11MAB2C,11MAB2C,PLANNING_16_17,active,PLANNINGACC_16_17
11MAC5A_PLANNING_16_17,11MAC5A,11MAC5A,PLANNING_16_17,active,PLANNINGACC_16_17
11MAC7A_PLANNING_16_17,11MAC7A,Mathematics C Yr 117A,PLANNING_16_17,active,PLANNINGACC_16_17
11MHIS4A_PLANNING_16_17,11MHIS4A,Modern History Yr 114A,PLANNING_16_17,active,PLANNINGACC_16_17
11MHIS6B_PLANNING_16_17,11MHIS6B,Modern History Yr 116B,PLANNING_16_17,active,PLANNINGACC_16_17
11MHIS7A_PLANNING_16_17,11MHIS7A,11MHIS7A,PLANNING_16_17,active,PLANNINGACC_16_17
11MUS3A_PLANNING_16_17,11MUS3A,Music Yr 113A,PLANNING_16_17,active,PLANNINGACC_16_17
11MUS5A_PLANNING_16_17,11MUS5A,11MUS5A,PLANNING_16_17,active,PLANNINGACC_16_17
11NUM6A_PLANNING_16_17,11NUM6A,11NUM6A,PLANNING_16_17,active,PLANNINGACC_16_17
11PDA_PLANNING_16_17,11PDA,Social & Emotional Learning Yr 11A,PLANNING_16_17,active,PLANNINGACC_16_17
11PDB_PLANNING_16_17,11PDB,Social & Emotional Learning Yr 11B,PLANNING_16_17,active,PLANNINGACC_16_17
11PDC_PLANNING_16_17,11PDC,Social & Emotional Learning Yr 11C,PLANNING_16_17,active,PLANNINGACC_16_17
11PDD_PLANNING_16_17,11PDD,Social & Emotional Learning Yr 11D,PLANNING_16_17,active,PLANNINGACC_16_17
11PE5A_PLANNING_16_17,11PE5A,11PE5A,PLANNING_16_17,active,PLANNINGACC_16_17
11PE6B_PLANNING_16_17,11PE6B,11PE6B,PLANNING_16_17,active,PLANNINGACC_16_17
11PHY5A_PLANNING_16_17,11PHY5A,Physics Yr 115A,PLANNING_16_17,active,PLANNINGACC_16_17
11PHY6A_PLANNING_16_17,11PHY6A,11PHY6A,PLANNING_16_17,active,PLANNINGACC_16_17
11PVM2A_PLANNING_16_17,11PVM2A,11PVM2A,PLANNING_16_17,active,PLANNINGACC_16_17
11RAE1A_PLANNING_16_17,11RAE1A,11RAE1A,PLANNING_16_17,active,PLANNINGACC_16_17
11RAE1B_PLANNING_16_17,11RAE1B,11RAE1B,PLANNING_16_17,active,PLANNINGACC_16_17
11RAE1C_PLANNING_16_17,11RAE1C,11RAE1C,PLANNING_16_17,active,PLANNINGACC_16_17
11RAE1D_PLANNING_16_17,11RAE1D,11RAE1D,PLANNING_16_17,active,PLANNINGACC_16_17
11SIS310C33A_PLANNING_16_17,11SIS310C33A,11SIS310C33A,PLANNING_16_17,active,PLANNINGACC_16_17
11SIS310C37B_PLANNING_16_17,11SIS310C37B,11SIS310C37B,PLANNING_16_17,active,PLANNINGACC_16_17
11SIS313C36A_PLANNING_16_17,11SIS313C36A,Cert III in Fitness6A,PLANNING_16_17,active,PLANNINGACC_16_17
11SOR_PLANNING_16_17,11SOR,Study of Religion Yr 1111SOR,PLANNING_16_17,active,PLANNINGACC_16_17
11SOR3A_PLANNING_16_17,11SOR3A,11SOR3A,PLANNING_16_17,active,PLANNINGACC_16_17
11VAR4A_PLANNING_16_17,11VAR4A,Art Yr 114A,PLANNING_16_17,active,PLANNINGACC_16_17
11VAR5A_PLANNING_16_17,11VAR5A,11VAR5A,PLANNING_16_17,active,PLANNINGACC_16_17
11VAR6B_PLANNING_16_17,11VAR6B,11VAR6B,PLANNING_16_17,active,PLANNINGACC_16_17
12CRA4A_PLANNING_16_17,12CRA4A,Multi Arts Yr 124A,PLANNING_16_17,active,PLANNINGACC_16_17
12DAN6A_PLANNING_16_17,12DAN6A,Dance Yr 126A,PLANNING_16_17,active,PLANNINGACC_16_17
12DRA6A_PLANNING_16_17,12DRA6A,Drama Yr 126A,PLANNING_16_17,active,PLANNINGACC_16_17
12ECOM3A_PLANNING_16_17,12ECOM3A,English Communication Yr 123A,PLANNING_16_17,active,PLANNINGACC_16_17
12ENG3A_PLANNING_16_17,12ENG3A,English Yr 123A,PLANNING_16_17,active,PLANNINGACC_16_17
12ENG4B_PLANNING_16_17,12ENG4B,English Yr 124B,PLANNING_16_17,active,PLANNINGACC_16_17
12ENG5C_PLANNING_16_17,12ENG5C,English Yr 125C,PLANNING_16_17,active,PLANNINGACC_16_17
12ENG6D_PLANNING_16_17,12ENG6D,English Yr 126D,PLANNING_16_17,active,PLANNINGACC_16_17
12ENG7E_PLANNING_16_17,12ENG7E,English Yr 127E,PLANNING_16_17,active,PLANNINGACC_16_17
12GEO7A_PLANNING_16_17,12GEO7A,Geography Yr127A,PLANNING_16_17,active,PLANNINGACC_16_17
12HEC4A_PLANNING_16_17,12HEC4A,Home Economics Yr 124A,PLANNING_16_17,active,PLANNINGACC_16_17
12ITL6A_PLANNING_16_17,12ITL6A,Italian Yr 126A,PLANNING_16_17,active,PLANNINGACC_16_17
12ITS7A_PLANNING_16_17,12ITS7A,Info.Technology Systems Yr 127A,PLANNING_16_17,active,PLANNINGACC_16_17
12JAP4A_PLANNING_16_17,12JAP4A,Japanese Yr 124A,PLANNING_16_17,active,PLANNINGACC_16_17
12LIT3A_PLANNING_16_17,12LIT3A,QCIA English3A,PLANNING_16_17,active,PLANNINGACC_16_17
12LSK_PLANNING_16_17,12LSK,QCIA Life skills12LSK,PLANNING_16_17,active,PLANNINGACC_16_17
12LSK7A_PLANNING_16_17,12LSK7A,12LSK7A,PLANNING_16_17,active,PLANNINGACC_16_17
12MAB2A_PLANNING_16_17,12MAB2A,Mathematics B Yr 122A,PLANNING_16_17,active,PLANNINGACC_16_17
12MAB2B_PLANNING_16_17,12MAB2B,Mathematics B Yr 122B,PLANNING_16_17,active,PLANNINGACC_16_17
12MAC5A_PLANNING_16_17,12MAC5A,Mathematics C Yr 125A,PLANNING_16_17,active,PLANNINGACC_16_17
12MHIS7A_PLANNING_16_17,12MHIS7A,Modern History Yr 127A,PLANNING_16_17,active,PLANNINGACC_16_17
12MUS5A_PLANNING_16_17,12MUS5A,Music Yr 125A,PLANNING_16_17,active,PLANNINGACC_16_17
12MUSEXT4A_PLANNING_16_17,12MUSEXT4A,12MUSEXT4A,PLANNING_16_17,active,PLANNINGACC_16_17
12NUM6A_PLANNING_16_17,12NUM6A,QCIA Maths6A,PLANNING_16_17,active,PLANNINGACC_16_17
12PD8A_PLANNING_16_17,12PD8A,Social & Emotional Learning Yr 128A,PLANNING_16_17,active,PLANNINGACC_16_17
12PD8B_PLANNING_16_17,12PD8B,Social & Emotional Learning Yr 128B,PLANNING_16_17,active,PLANNINGACC_16_17
12PD8C_PLANNING_16_17,12PD8C,Social & Emotional Learning Yr 128C,PLANNING_16_17,active,PLANNINGACC_16_17
12PD8D_PLANNING_16_17,12PD8D,Social & Emotional Learning Yr 128D,PLANNING_16_17,active,PLANNINGACC_16_17
12PE5A_PLANNING_16_17,12PE5A,Physical Education Yr 125A,PLANNING_16_17,active,PLANNINGACC_16_17
12PE6B_PLANNING_16_17,12PE6B,Physical Education Yr 126B,PLANNING_16_17,active,PLANNINGACC_16_17
12PHY6A_PLANNING_16_17,12PHY6A,Physics Yr 126A,PLANNING_16_17,active,PLANNINGACC_16_17
12PVM2A_PLANNING_16_17,12PVM2A,Pre-Vocational Maths Yr 122A,PLANNING_16_17,active,PLANNINGACC_16_17
12RAE1A_PLANNING_16_17,12RAE1A,Religion & Ethics Yr 121A,PLANNING_16_17,active,PLANNINGACC_16_17
12RAE1B_PLANNING_16_17,12RAE1B,Religion & Ethics Yr 121B,PLANNING_16_17,active,PLANNINGACC_16_17
12RAE1C_PLANNING_16_17,12RAE1C,Religion & Ethics Yr 121C,PLANNING_16_17,active,PLANNINGACC_16_17
12RAE1D_PLANNING_16_17,12RAE1D,Religion & Ethics Yr 121D,PLANNING_16_17,active,PLANNINGACC_16_17
12SKL_PLANNING_16_17,12SKL,QCIA Life skills12SKL,PLANNING_16_17,active,PLANNINGACC_16_17
12SOR3A_PLANNING_16_17,12SOR3A,Study of Religion Yr 123A,PLANNING_16_17,active,PLANNINGACC_16_17
12VAR5A_PLANNING_16_17,12VAR5A,Art Yr 125A,PLANNING_16_17,active,PLANNINGACC_16_17
12VAR6B_PLANNING_16_17,12VAR6B,Art Yr 126B,PLANNING_16_17,active,PLANNINGACC_16_17
ASM8_PLANNING_16_17,ASM8,ASM8,PLANNING_16_17,active,PLANNINGACC_16_17
GP-07SELA_PLANNING_16_17,GP-07SELA,GP-07SEL-07SELA,PLANNING_16_17,active,PLANNINGACC_16_17
GP-07SELB_PLANNING_16_17,GP-07SELB,GP-07SEL-07SELB,PLANNING_16_17,active,PLANNINGACC_16_17
GP-07SELC_PLANNING_16_17,GP-07SELC,GP-07SEL-07SELC,PLANNING_16_17,active,PLANNINGACC_16_17
GP-07SELD_PLANNING_16_17,GP-07SELD,GP-07SEL-07SELD,PLANNING_16_17,active,PLANNINGACC_16_17
GP-08SELA_PLANNING_16_17,GP-08SELA,Social & Emotional Learning-08SELA,PLANNING_16_17,active,PLANNINGACC_16_17
GP-08SELB_PLANNING_16_17,GP-08SELB,Social & Emotional Learning-08SELB,PLANNING_16_17,active,PLANNINGACC_16_17
GP-08SELC_PLANNING_16_17,GP-08SELC,Social & Emotional Learning-08SELC,PLANNING_16_17,active,PLANNINGACC_16_17
GP-08SELD_PLANNING_16_17,GP-08SELD,Social & Emotional Learning-08SELD,PLANNING_16_17,active,PLANNINGACC_16_17
GP-09SELA_PLANNING_16_17,GP-09SELA,GP-09SEL-09SELA,PLANNING_16_17,active,PLANNINGACC_16_17
GP-09SELB_PLANNING_16_17,GP-09SELB,GP-09SEL-09SELB,PLANNING_16_17,active,PLANNINGACC_16_17
GP-09SELC_PLANNING_16_17,GP-09SELC,GP-09SEL-09SELC,PLANNING_16_17,active,PLANNINGACC_16_17
GP-09SELD_PLANNING_16_17,GP-09SELD,GP-09SEL-09SELD,PLANNING_16_17,active,PLANNINGACC_16_17
10MATE_PLANNING_16_17,10MATE,10MATE,PLANNING_16_17,active,PLANNINGACC_16_17
STU08_PLANNING_16_17,STU08,STU08,PLANNING_16_17,active,PLANNINGACC_16_17
STU07_PLANNING_16_17,STU07,STU07,PLANNING_16_17,active,PLANNINGACC_16_17
10HPEC2C_PLANNING_16_17,10HPEC2C,10HPEC2C,PLANNING_16_17,active,PLANNINGACC_16_17
10MATHB_PLANNING_16_17,10MATHB,10MATHB,PLANNING_16_17,active,PLANNINGACC_16_17
10MATHC_PLANNING_16_17,10MATHC,10MATHC,PLANNING_16_17,active,PLANNINGACC_16_17
12SORB_PLANNING_16_17,12SORB,12SORB,PLANNING_16_17,active,PLANNINGACC_16_17
12SOR_PLANNING_16_17,12SOR,12SOR,PLANNING_16_17,active,PLANNINGACC_16_17
SOR12_PLANNING_16_17,SOR12,SOR12,PLANNING_16_17,active,PLANNINGACC_16_17
08VARD_PLANNING_16_17,08VARD,Visual ArtD,PLANNING_16_17,active,PLANNINGACC_16_17
08MUSD_PLANNING_16_17,08MUSD,MusicD,PLANNING_16_17,active,PLANNINGACC_16_17
08DRAB_PLANNING_16_17,08DRAB,DramaB,PLANNING_16_17,active,PLANNINGACC_16_17
08DANB_PLANNING_16_17,08DANB,DanceB,PLANNING_16_17,active,PLANNINGACC_16_17
08DTFA_PLANNING_16_17,08DTFA,Design TechnologyA,PLANNING_16_17,active,PLANNINGACC_16_17
08ITDA_PLANNING_16_17,08ITDA,Industrial Design & TechnologyA,PLANNING_16_17,active,PLANNINGACC_16_17
08ICTC_PLANNING_16_17,08ICTC,Information Communication & TechnologyC,PLANNING_16_17,active,PLANNINGACC_16_17
07ITLA_PLANNING_16_17,07ITLA,ItalianA,PLANNING_16_17,active,PLANNINGACC_16_17
07VARC_PLANNING_16_17,07VARC,Visual ArtC,PLANNING_16_17,active,PLANNINGACC_16_17
07MUSC_PLANNING_16_17,07MUSC,MusicC,PLANNING_16_17,active,PLANNINGACC_16_17
07ICTC_PLANNING_16_17,07ICTC,Information Communication & TechnologyC,PLANNING_16_17,active,PLANNINGACC_16_17
07DAND_PLANNING_16_17,07DAND,DanceD,PLANNING_16_17,active,PLANNINGACC_16_17
07DRAD_PLANNING_16_17,07DRAD,DramaD,PLANNING_16_17,active,PLANNINGACC_16_17
08JAPA_PLANNING_16_17,08JAPA,08JAPA,PLANNING_16_17,active,PLANNINGACC_16_17
08HUM_COMBINED_PLAN1617,08HUM_COMBINED_PLAN1617,08HUM_COMBINED_PLAN1617,PLANNING_16_17,active,
08SCI_COMBINED_PLAN1617,08SCI_COMBINED_PLAN1617,08SCI_COMBINED_PLAN1617,PLANNING_16_17,active,
12LST_COMBINED_PLAN1617,12LST_COMBINED_PLAN1617,12LST_COMBINED_PLAN1617,PLANNING_16_17,active,
12CHE_COMBINED_PLAN1617,12CHE_COMBINED_PLAN1617,12CHE_COMBINED_PLAN1617,PLANNING_16_17,active,
11PE_COMBINED_PLAN1617,11PE_COMBINED_PLAN1617,11PE_COMBINED_PLAN1617,PLANNING_16_17,active,
12MAA_COMBINED_PLAN1617,12MAA_COMBINED_PLAN1617,12MAA_COMBINED_PLAN1617,PLANNING_16_17,active,
08HPE_COMBINED_PLAN1617,08HPE_COMBINED_PLAN1617,08HPE_COMBINED_PLAN1617,PLANNING_16_17,active,
07SCI_COMBINED_PLAN1617,07SCI_COMBINED_PLAN1617,07SCI_COMBINED_PLAN1617,PLANNING_16_17,active,
11BIO_COMBINED_PLAN1617,11BIO_COMBINED_PLAN1617,11BIO_COMBINED_PLAN1617,PLANNING_16_17,active,
09HPE_COMBINED_PLAN1617,09HPE_COMBINED_PLAN1617,09HPE_COMBINED_PLAN1617,PLANNING_16_17,active,
11LST_COMBINED_PLAN1617,11LST_COMBINED_PLAN1617,11LST_COMBINED_PLAN1617,PLANNING_16_17,active,
10SEL_COMBINED_PLAN1617,10SEL_COMBINED_PLAN1617,10SEL_COMBINED_PLAN1617,PLANNING_16_17,active,
10HPE_COMBINED_PLAN1617,10HPE_COMBINED_PLAN1617,10HPE_COMBINED_PLAN1617,PLANNING_16_17,active,
11ACC_COMBINED_PLAN1617,11ACC_COMBINED_PLAN1617,11ACC_COMBINED_PLAN1617,PLANNING_16_17,active,
11CHE_COMBINED_PLAN1617,11CHE_COMBINED_PLAN1617,11CHE_COMBINED_PLAN1617,PLANNING_16_17,active,
12SIS310C_COMBINED_PLAN1617,12SIS310C_COMBINED_PLAN1617,12SIS310C_COMBINED_PLAN1617,PLANNING_16_17,active,
11SCI21_COMBINED_PLAN1617,11SCI21_COMBINED_PLAN1617,11SCI21_COMBINED_PLAN1617,PLANNING_16_17,active,
09SCI_COMBINED_PLAN1617,09SCI_COMBINED_PLAN1617,09SCI_COMBINED_PLAN1617,PLANNING_16_17,active,
12ACC_COMBINED_PLAN1617,12ACC_COMBINED_PLAN1617,12ACC_COMBINED_PLAN1617,PLANNING_16_17,active,
12BIO_COMBINED_PLAN1617,12BIO_COMBINED_PLAN1617,12BIO_COMBINED_PLAN1617,PLANNING_16_17,active,
12SCI21_COMBINED_PLAN1617,12SCI21_COMBINED_PLAN1617,12SCI21_COMBINED_PLAN1617,PLANNING_16_17,active,
